<?xml version="1.0" encoding="UTF-8"?>
<beans xmlns="http://www.springframework.org/schema/beans"
	xmlns:xsi="http://www.w3.org/2001/XMLSchema-instance"
	xmlns:context="http://www.springframework.org/schema/context"
	xsi:schemaLocation="http://www.springframework.org/schema/beans
        http://www.springframework.org/schema/beans/spring-beans.xsd
        http://www.springframework.org/schema/context
        http://www.springframework.org/schema/context/spring-context.xsd">
        
        <bean id="employeeList" class="java.util.ArrayList">
        <constructor-arg>
          <list>
                <ref bean="Employee1" />
                <ref bean="Employee2" />
                 <ref bean="Employee3" />
                <ref bean="Employee4" />
               
            </list>
       </constructor-arg>
        </bean>
        <bean id="departmentList" class="java.util.ArrayList">
        <constructor-arg>
          <list>
              
                <ref bean="departmentBean1" />
                 <ref bean="departmentBean2" />
                <ref bean="departmentBean3" />
               
            </list>
       </constructor-arg>
        </bean>
        
        
        <bean id="Employee1" class="com.cognizant.springlearn.bean.Employee" >
        <property name="id" value="1" />
        <property name="name" value="John" />
        <property name="salary" value="2500" />
          <property name="permanent" value="true" />
            <property name="dateOfBirth" value="23/12/2019" />
            <property name="department" ref="departmentBean"></property>
               <property name="skills">
            <array>
                <ref bean="skillHtml" />
                <ref bean="skillCss" />
               
            </array>
        </property>
    </bean>
      <bean id="Employee3" class="com.cognizant.springlearn.bean.Employee" >
        <property name="id" value="3" />
        <property name="name" value="harry" />
        <property name="salary" value="2500" />
          <property name="permanent" value="true" />
            <property name="dateOfBirth" value="23/12/2019" />
            <property name="department" ref="departmentBean1"></property>
               <property name="skills">
            <array>
                <ref bean="skillHtml" />
                <ref bean="skillCss" />
               
            </array>
        </property>
    </bean>
      <bean id="Employee4" class="com.cognizant.springlearn.bean.Employee" >
        <property name="id" value="4" />
        <property name="name" value="jack" />
        <property name="salary" value="2500" />
          <property name="permanent" value="true" />
            <property name="dateOfBirth" value="23/12/2019" />
            <property name="department" ref="departmentBean2"></property>
               <property name="skills">
            <array>
                <ref bean="skillHtml" />
                <ref bean="skillCss" />
               
            </array>
        </property>
    </bean>
     <bean id="Employee2" class="com.cognizant.springlearn.bean.Employee" >
        <property name="id" value="2" />
        <property name="name" value="smith" />
        <property name="salary" value="2500" />
          <property name="permanent" value="true" />
            <property name="dateOfBirth" value="23/12/2019" />
            <property name="department" ref="departmentBean3"></property>
               <property name="skills">
            <array>
                <ref bean="skillHtml" />
                <ref bean="skillCss" />
               
            </array>
        </property>
    </bean>
         <bean id="departmentBean" class="com.cognizant.springlearn.bean.Department">
        <property name="id" value="1" />
        <property name="name" value="Payroll" />
    </bean>
      
         <bean id="departmentBean1" class="com.cognizant.springlearn.bean.Department">
        <property name="id" value="1" />
        <property name="name" value="hr" />
    </bean>
      
         <bean id="departmentBean2" class="com.cognizant.springlearn.bean.Department">
        <property name="id" value="2" />
        <property name="name" value="Payroll" />
    </bean>
      
         <bean id="departmentBean3" class="com.cognizant.springlearn.bean.Department">
        <property name="id" value="3" />
        <property name="name" value="internal" />
    </bean>
    
    
        <bean id="skillHtml" class="com.cognizant.springlearn.bean.Skill" >
        <property name="id" value="1" />
        <property name="name" value="India" />
        </bean>
         <bean id="skillCss" class="com.cognizant.springlearn.bean.Skill" >
        <property name="id" value="2" />
        <property name="name" value="dsgfsh" />
        </bean>
     <!--     <bean id="employeeService" class="com.cognizant.springlearn.service.EmployeeService" autowire="byName">
        <property name="employeeDao" ref="employeeDao" />
      
        </bean>
           <bean id="employeeDao" class="com.cognizant.springlearn.dao.EmployeeDao" >
      
      
        </bean>
           <bean id="employeeController" class="com.cognizant.springlearn.controller.EmployeeController" autowire="byName">
        <property name="employeeService" ref="employeeService" /> -->
      
       
      <!--   </bean> -->
    <!--     Enable autowiring
        <context:component-scan base-package="com.cognizant.springlearn" /> -->
        
        
       
        </beans>